{
	"construction": {
		"adaga_linear": 0.7272727272727272,
		"adaga_matern": 0.3644859813084112,
		"adaga_rbf": 0.2795698924731182,
		"amoc": 0.5161290322580646,
		"binseg": 0.7090909090909091,
		"bocpd": 0.6341463414634146,
		"bocpdms": 0.4102564102564102,
		"cpnp": 0.6021505376344086,
		"ecp": 0.5735294117647058,
		"kcpa": 0.03809523809523809,
		"pelt": 0.7090909090909091,
		"prophet": 0.32432432432432434,
		"rbocpdms": 0.48,
		"rfpop": 0.1851851851851852,
		"segneigh": 0.7090909090909091,
		"wbs": 0.358974358974359,
		"zero": 0.6956521739130436
	},
	"heart_rate": {
		"adaga_linear": 0.04081632653061224,
		"adaga_matern": 0.04545454545454545,
		"adaga_rbf": 0.05714285714285715,
		"amoc": 1.0,
		"binseg": 0.8,
		"bocpd": 0.14285714285714285,
		"bocpdms": null,
		"cpnp": 0.0625,
		"ecp": 0.16666666666666669,
		"kcpa": 0.0026702269692923898,
		"pelt": 0.8,
		"rbocpdms": 0.2,
		"rfpop": 0.025974025974025976,
		"segneigh": 0.8,
		"wbs": 0.07692307692307693,
		"zero": 0.6666666666666666
	},
	"measles": {
		"adaga_linear": 0.08653846153846154,
		"adaga_matern": 0.07114624505928853,
		"adaga_rbf": 0.12121212121212122,
		"amoc": 0.9473684210526316,
		"binseg": 0.9473684210526316,
		"bocpd": 0.06870229007633587,
		"bocpdms": 0.12413793103448276,
		"cpnp": 0.11764705882352941,
		"ecp": 0.06870229007633587,
		"kcpa": 0.004232804232804234,
		"pelt": 0.12413793103448276,
		"prophet": 0.391304347826087,
		"rbocpdms": 0.11042944785276074,
		"rfpop": 0.03007518796992481,
		"segneigh": 0.32727272727272727,
		"wbs": 0.03991130820399112,
		"zero": 0.9473684210526316
	},
	"quality_control_2": {
		"adaga_linear": 0.7500000000000001,
		"adaga_matern": 0.5454545454545455,
		"adaga_rbf": 0.5454545454545455,
		"amoc": 1.0,
		"binseg": 1.0,
		"bocpd": 1.0,
		"bocpdms": 0.6666666666666666,
		"cpnp": 1.0,
		"ecp": 1.0,
		"kcpa": 0.027972027972027972,
		"pelt": 1.0,
		"prophet": 0.5454545454545455,
		"rbocpdms": 0.6666666666666666,
		"rfpop": 1.0,
		"segneigh": 1.0,
		"wbs": 1.0,
		"zero": 0.7500000000000001
	},
	"quality_control_3": {
		"adaga_linear": 0.5,
		"adaga_matern": 0.4,
		"adaga_rbf": 0.3333333333333333,
		"amoc": 1.0,
		"binseg": 1.0,
		"bocpd": 1.0,
		"bocpdms": 0.6666666666666666,
		"cpnp": 0.5714285714285715,
		"ecp": 1.0,
		"kcpa": 0.02168021680216802,
		"pelt": 1.0,
		"prophet": 0.6666666666666666,
		"rbocpdms": 0.6666666666666666,
		"rfpop": 0.2857142857142857,
		"segneigh": 1.0,
		"wbs": 1.0,
		"zero": 0.6666666666666666
	},
	"quality_control_4": {
		"adaga_linear": 0.609375,
		"adaga_matern": 0.33497536945812806,
		"adaga_rbf": 0.25092250922509224,
		"amoc": 0.8095238095238095,
		"binseg": 0.8727272727272728,
		"bocpd": 0.6575342465753424,
		"bocpdms": 0.43835616438356173,
		"cpnp": 0.6075949367088608,
		"ecp": 0.4524590163934426,
		"kcpa": 0.028169014084507043,
		"pelt": 0.7263157894736841,
		"prophet": 0.40236686390532544,
		"rbocpdms": 0.3047619047619048,
		"rfpop": 0.23333333333333334,
		"segneigh": 0.7263157894736841,
		"wbs": 0.24137931034482762,
		"zero": 0.7804878048780489
	},
	"scanline_126007": {
		"adaga_linear": 0.543046357615894,
		"adaga_matern": 0.5466491458607097,
		"adaga_rbf": 0.5501955671447197,
		"amoc": 0.7102803738317757,
		"binseg": 0.7385740402193783,
		"bocpd": 0.8199737187910644,
		"bocpdms": 0.7179866765358993,
		"cpnp": 0.8892508143322476,
		"ecp": 0.7317845828933474,
		"kcpa": 0.10147991543340382,
		"pelt": 0.7589928057553957,
		"prophet": 0.6444007858546169,
		"rbocpdms": null,
		"rfpop": 0.6494735235769876,
		"segneigh": 0.7316176470588235,
		"wbs": 0.616338167844304,
		"zero": 0.6444007858546169
	},
	"scanline_42049": {
		"adaga_linear": 0.5178356713426853,
		"adaga_matern": 0.44655414908579466,
		"adaga_rbf": 0.3590754910467776,
		"amoc": 0.4845005740528128,
		"binseg": 0.7134502923976608,
		"bocpd": 0.9622641509433963,
		"bocpdms": 0.8435091153799095,
		"cpnp": 0.7047872340425534,
		"ecp": 0.5801526717557252,
		"kcpa": 0.16356877323420074,
		"pelt": 0.8043478260869567,
		"prophet": 0.2693467336683417,
		"rbocpdms": 0.3900184842883549,
		"rfpop": 0.45965498052309406,
		"segneigh": 0.7482219061166431,
		"wbs": 0.5714285714285715,
		"zero": 0.2756368386675375
	},
	"shanghai_license": {
		"adaga_linear": 0.37209302325581395,
		"adaga_matern": 0.21874999999999997,
		"adaga_rbf": 0.41628959276018096,
		"amoc": 0.8679245283018869,
		"binseg": 0.8679245283018869,
		"bocpd": 0.7131782945736433,
		"bocpdms": 0.4912280701754385,
		"cpnp": 0.43678160919540227,
		"ecp": 0.6976744186046512,
		"kcpa": 0.04807692307692307,
		"pelt": 0.8679245283018869,
		"prophet": 0.5316455696202531,
		"rbocpdms": 0.3255813953488372,
		"rfpop": 0.3571428571428571,
		"segneigh": 0.7131782945736433,
		"wbs": 0.19999999999999998,
		"zero": 0.6363636363636364
	},
	"unemployment_nl": {
		"adaga_linear": 0.5513513513513514,
		"adaga_matern": 0.49471458773784344,
		"adaga_rbf": 0.4409340659340659,
		"amoc": 0.5663082437275986,
		"binseg": 0.8764044943820225,
		"bocpd": 0.683359415753782,
		"bocpdms": 0.5924050632911392,
		"cpnp": 0.683359415753782,
		"ecp": 0.6203208556149732,
		"kcpa": 0.14545454545454545,
		"pelt": 0.7730061349693252,
		"prophet": 0.5663082437275986,
		"rbocpdms": 0.49494949494949503,
		"rfpop": 0.5491990846681922,
		"segneigh": 0.7730061349693252,
		"wbs": 0.5709057639524245,
		"zero": 0.5663082437275986
	}
}
