{
	"construction": {
		"adaga": 0.18773946360153257,
		"amoc": 0.5252008018620421,
		"binseg": 0.4662169703155342,
		"bocpd": 0.39527377713373163,
		"bocpdms": 0.5712959390806137,
		"pelt": 0.4227346947723124,
		"rbocpdms": 0.5949688072006465,
		"wbs": 0.20364076335038223,
		"zero": 0.5746032369964917
	},
	"heart_rate": {
		"adaga": 0.025252525252525252,
		"amoc": 0.6433080808080808,
		"binseg": 0.35669191919191917,
		"bocpd": 0.3522727272727273,
		"bocpdms": null,
		"pelt": 0.3560606060606061,
		"rbocpdms": 0.23295454545454544,
		"wbs": 0.18686868686868688,
		"zero": 1.0
	},
	"quality_control_2": {
		"adaga": 0.6030578902319486,
		"amoc": 0.9223181723701366,
		"binseg": 0.9223181723701366,
		"bocpd": 0.9272274782476536,
		"bocpdms": 0.9208951448022624,
		"pelt": 0.9223181723701366,
		"rbocpdms": 0.921573768000304,
		"wbs": 0.9223181723701366,
		"zero": 0.6382524441558766
	},
	"quality_control_3": {
		"adaga": 0.5956284153005464,
		"amoc": 0.995645855133124,
		"binseg": 0.995645855133124,
		"bocpd": 0.9967303392229183,
		"bocpdms": 0.9766235260281853,
		"pelt": 0.995645855133124,
		"rbocpdms": 0.9901813742588071,
		"wbs": 0.995645855133124,
		"zero": 0.5002717310161545
	},
	"quality_control_4": {
		"adaga": 0.2299591836734694,
		"amoc": 0.5628594752186589,
		"binseg": 0.5176214973477965,
		"bocpd": 0.5114099999999999,
		"bocpdms": 0.6700772658634537,
		"pelt": 0.5377566882818624,
		"rbocpdms": 0.5834459417475728,
		"wbs": 0.059199999999999996,
		"zero": 0.6727407999999999
	},
	"shanghai_license": {
		"adaga": 0.38857822724568714,
		"amoc": 0.9196947071511531,
		"binseg": 0.9196947071511531,
		"bocpd": 0.8557634480454392,
		"bocpdms": 0.6156585618297099,
		"pelt": 0.9196947071511531,
		"rbocpdms": 0.7461503838076877,
		"wbs": 0.17312638580931264,
		"zero": 0.5470886377156454
	},
	"unemployment_nl": {
		"adaga": 0.41952666752469525,
		"amoc": 0.5065595248493318,
		"binseg": 0.669177886902036,
		"bocpd": 0.49508665190523937,
		"bocpdms": 0.5698215369879949,
		"pelt": 0.6483671445199073,
		"rbocpdms": 0.5385050140609804,
		"wbs": 0.2216065865598576,
		"zero": 0.5065595248493318
	}
}
