{
	"construction": {
		"adaga": 0.360078277886497,
		"amoc": 0.5161290322580646,
		"binseg": 0.7090909090909091,
		"bocpd": 0.6341463414634146,
		"bocpdms": 0.4102564102564102,
		"pelt": 0.7090909090909091,
		"rbocpdms": 0.48,
		"wbs": 0.358974358974359,
		"zero": 0.6956521739130436
	},
	"heart_rate": {
		"adaga": 0.028571428571428574,
		"amoc": 0.5,
		"binseg": 0.4,
		"bocpd": 0.14285714285714285,
		"bocpdms": null,
		"pelt": 0.4,
		"rbocpdms": 0.2,
		"wbs": 0.039215686274509796,
		"zero": 0.6666666666666666
	},
	"quality_control_2": {
		"adaga": 0.5454545454545455,
		"amoc": 1.0,
		"binseg": 1.0,
		"bocpd": 1.0,
		"bocpdms": 0.6666666666666666,
		"pelt": 1.0,
		"rbocpdms": 0.6666666666666666,
		"wbs": 1.0,
		"zero": 0.7500000000000001
	},
	"quality_control_3": {
		"adaga": 0.28571428571428575,
		"amoc": 1.0,
		"binseg": 1.0,
		"bocpd": 1.0,
		"bocpdms": 0.6666666666666666,
		"pelt": 1.0,
		"rbocpdms": 0.6666666666666666,
		"wbs": 1.0,
		"zero": 0.6666666666666666
	},
	"quality_control_4": {
		"adaga": 0.15920398009950248,
		"amoc": 0.8095238095238095,
		"binseg": 0.8727272727272728,
		"bocpd": 0.6575342465753424,
		"bocpdms": 0.43835616438356173,
		"pelt": 0.7263157894736841,
		"rbocpdms": 0.35955056179775285,
		"wbs": 0.24137931034482762,
		"zero": 0.7804878048780489
	},
	"shanghai_license": {
		"adaga": 0.41628959276018096,
		"amoc": 0.8679245283018869,
		"binseg": 0.8679245283018869,
		"bocpd": 0.7131782945736433,
		"bocpdms": 0.4912280701754385,
		"pelt": 0.8679245283018869,
		"rbocpdms": 0.3255813953488372,
		"wbs": 0.19999999999999998,
		"zero": 0.6363636363636364
	},
	"unemployment_nl": {
		"adaga": 0.4409340659340659,
		"amoc": 0.5663082437275986,
		"binseg": 0.8764044943820225,
		"bocpd": 0.683359415753782,
		"bocpdms": 0.5924050632911392,
		"pelt": 0.7730061349693252,
		"rbocpdms": 0.49494949494949503,
		"wbs": 0.5709057639524245,
		"zero": 0.5663082437275986
	}
}
