{
	"construction": {
		"adaga_linear": 0.7452152296043428,
		"adaga_matern": 0.20135037376416687,
		"adaga_rbf": 0.16489028213166143,
		"amoc": 0.5252008018620421,
		"binseg": 0.4662169703155342,
		"bocpd": 0.39527377713373163,
		"bocpdms": 0.5712959390806137,
		"cpnp": 0.33351340395632906,
		"ecp": 0.3523063143752799,
		"kcpa": 0.016300940438871474,
		"pelt": 0.4227346947723124,
		"prophet": 0.5016674561314804,
		"rbocpdms": 0.5949688072006465,
		"rfpop": 0.09153605015673981,
		"segneigh": 0.4227346947723124,
		"wbs": 0.20364076335038223,
		"zero": 0.5746032369964917
	},
	"heart_rate": {
		"adaga_linear": 0.13005050505050506,
		"adaga_matern": 0.04292929292929293,
		"adaga_rbf": 0.049873737373737376,
		"amoc": 1.0,
		"binseg": 0.6912878787878788,
		"bocpd": 0.4715909090909091,
		"bocpdms": null,
		"cpnp": 0.25252525252525254,
		"ecp": 0.24431818181818182,
		"kcpa": 0.016414141414141416,
		"pelt": 0.6922206129926718,
		"rbocpdms": 0.461489898989899,
		"rfpop": 0.054292929292929296,
		"segneigh": 0.6903285304020598,
		"wbs": 0.2702020202020202,
		"zero": 0.5410744120497908
	},
	"measles": {
		"adaga_linear": 0.1066069199062751,
		"adaga_matern": 0.10837537840565085,
		"adaga_rbf": 0.1053481331987891,
		"amoc": 0.9511852891971232,
		"binseg": 0.9511852891971232,
		"bocpd": 0.08092835519677094,
		"bocpdms": 0.25484418590847036,
		"cpnp": 0.09848637739656911,
		"ecp": 0.06175580221997982,
		"kcpa": 0.004641775983854692,
		"pelt": 0.21259929973790964,
		"prophet": 0.6034740152322592,
		"rbocpdms": 0.2938051156056684,
		"rfpop": 0.04641775983854692,
		"segneigh": 0.3672811400162438,
		"wbs": 0.08375378405650857,
		"zero": 0.9511852891971232
	},
	"quality_control_2": {
		"adaga_linear": 0.6382524441558766,
		"adaga_matern": 0.6030578902319486,
		"adaga_rbf": 0.6030578902319486,
		"amoc": 0.9223181723701366,
		"binseg": 0.9223181723701366,
		"bocpd": 0.9272274782476536,
		"bocpdms": 0.9208951448022624,
		"cpnp": 0.9223181723701366,
		"ecp": 0.9265200095891666,
		"kcpa": 0.009893992932862191,
		"pelt": 0.9223181723701366,
		"prophet": 0.7230624263839811,
		"rbocpdms": 0.921573768000304,
		"rfpop": 0.9223181723701366,
		"segneigh": 0.9223181723701366,
		"wbs": 0.9223181723701366,
		"zero": 0.6382524441558766
	},
	"quality_control_3": {
		"adaga_linear": 0.588836282574816,
		"adaga_matern": 0.6694538014322429,
		"adaga_rbf": 0.6584699453551912,
		"amoc": 0.995645855133124,
		"binseg": 0.995645855133124,
		"bocpd": 0.9967303392229183,
		"bocpdms": 0.9766235260281853,
		"cpnp": 0.8306010928961749,
		"ecp": 0.9967303392229183,
		"kcpa": 0.00819672131147541,
		"pelt": 0.995645855133124,
		"prophet": 0.5002717310161545,
		"rbocpdms": 0.9901813742588071,
		"rfpop": 0.6584699453551912,
		"segneigh": 0.995645855133124,
		"wbs": 0.995645855133124,
		"zero": 0.5002717310161545
	},
	"quality_control_4": {
		"adaga_linear": 0.5207122622757693,
		"adaga_matern": 0.2729495327102804,
		"adaga_rbf": 0.20833761467889905,
		"amoc": 0.5628594752186589,
		"binseg": 0.5176214973477965,
		"bocpd": 0.5114099999999999,
		"bocpdms": 0.6700772658634537,
		"cpnp": 0.4814767058158135,
		"ecp": 0.3912,
		"kcpa": 0.0088,
		"pelt": 0.5377566882818624,
		"prophet": 0.51050863837533,
		"rbocpdms": 0.7390126658195337,
		"rfpop": 0.0588,
		"segneigh": 0.5377566882818624,
		"wbs": 0.059199999999999996,
		"zero": 0.6727407999999999
	},
	"scanline_126007": {
		"adaga_linear": 0.29351032342636346,
		"adaga_matern": 0.2277507600844757,
		"adaga_rbf": 0.23724277321050252,
		"amoc": 0.519425686423205,
		"binseg": 0.4641245857865578,
		"bocpd": 0.3461360947117411,
		"bocpdms": 0.5060389554993339,
		"cpnp": 0.43250044062606696,
		"ecp": 0.32661195870408066,
		"kcpa": 0.025363825363825365,
		"pelt": 0.4435622793574522,
		"prophet": 0.5027199917012807,
		"rbocpdms": null,
		"rfpop": 0.3155288774231227,
		"segneigh": 0.5674532369803685,
		"wbs": 0.26301202987142086,
		"zero": 0.5027199917012807
	},
	"scanline_42049": {
		"adaga_linear": 0.5042916828879525,
		"adaga_matern": 0.5332767919676642,
		"adaga_rbf": 0.48329820638330095,
		"amoc": 0.42402749280674296,
		"binseg": 0.6314867217082936,
		"bocpd": 0.8920680176281544,
		"bocpdms": 0.8317714867114443,
		"cpnp": 0.5287193456297983,
		"ecp": 0.4904818069878699,
		"kcpa": 0.12141372141372142,
		"pelt": 0.7454882781915352,
		"prophet": 0.44129005397448573,
		"rbocpdms": 0.41976047103060193,
		"rfpop": 0.2572545092059262,
		"segneigh": 0.7297414014592061,
		"wbs": 0.45799325228655663,
		"zero": 0.2112845293718475
	},
	"shanghai_license": {
		"adaga_linear": 0.45895173845355475,
		"adaga_matern": 0.36653866113129213,
		"adaga_rbf": 0.34420441347270614,
		"amoc": 0.9196947071511531,
		"binseg": 0.9196947071511531,
		"bocpd": 0.8557634480454392,
		"bocpdms": 0.6156585618297099,
		"cpnp": 0.47395704404805244,
		"ecp": 0.5176585365853659,
		"kcpa": 0.02048780487804878,
		"pelt": 0.9196947071511531,
		"prophet": 0.7678640059127864,
		"rbocpdms": 0.7461503838076877,
		"rfpop": 0.38054693274205464,
		"segneigh": 0.8264951553625124,
		"wbs": 0.17312638580931264,
		"zero": 0.5470886377156454
	},
	"unemployment_nl": {
		"adaga_linear": 0.4382413795732131,
		"adaga_matern": 0.47325942217187456,
		"adaga_rbf": 0.41495355168657894,
		"amoc": 0.5065595248493318,
		"binseg": 0.669177886902036,
		"bocpd": 0.49508665190523937,
		"bocpdms": 0.5698215369879949,
		"cpnp": 0.5030916551496796,
		"ecp": 0.4684513676225877,
		"kcpa": 0.03925233644859812,
		"pelt": 0.6483671445199073,
		"prophet": 0.5065595248493318,
		"rbocpdms": 0.5385050140609804,
		"rfpop": 0.24328043451875225,
		"segneigh": 0.6483671445199073,
		"wbs": 0.2216065865598576,
		"zero": 0.5065595248493318
	}
}
